{
  "mapPosition": [60.451744, 22.266601],
  "mapBounds": [[61.462156, 21.014434], [60.192022, 23.264876]]
}
